Designator,Footprint,Quantity,Value,LCSC Part #
"C1, C3",0805,2,10uF,
"C10, C14, C16, C19, C23, C24, C25, C4, C5, C9",0603,10,100nF,
"C11, C6",CP_Radial_D5.0mm_P2.00mm,2,10uF,
"C12, C13, C15, C7, C8",0603,5,470pF,
"C17, C18",C_Radial_D8.0mm_H11.5mm_P3.50mm,2,470uF,
C2,0603,1,1nF,
C20,0603,1,220nF,
"C21, C22",0603,2,15nF,
C26,0805,1,1uF,
"D1, D2, D3, D4, D5",D_SOD-123F,5,~,
D6,DO-214AB,1,~,
D7,D_SOD-323,1,14.6V,
D8,0603,1,LED,
J1,691321100002,1,12V_C_MOT,
J10,691321100002,1,ESC_35_2_P,
J11,PinHeader_1x03_P2.54mm_Vertical,1,MOTOR_15_2,
J12,PinHeader_1x03_P2.54mm_Vertical,1,ESC_35_2_S,
J13,PinHeader_1x03_P2.54mm_Vertical,1,MOTOR_15_3,
J14,690367280876,1,690367280876,
J2,691321100002,1,3.5mm WR-TBL,
J3,690367280676,1,690367280676,
J4,PinHeader_1x03_P2.54mm_Vertical,1,LCD_DEG,
J5,PinHeader_1x02_P2.54mm_Vertical,1,CAN,
J6,691321100002,1,ESC_35_1_P,
J7,PinHeader_1x02_P2.54mm_Vertical,1,LED_EN,
J8,PinHeader_1x03_P2.54mm_Vertical,1,MOTOR_15_1,
J9,PinHeader_1x03_P2.54mm_Vertical,1,ESC_35_1_S,
"Q1, Q2, Q3, Q4, Q5",SOT-23,5,G2302,
Q6,TO-263-2,1,SUM110P06-08L,
"Q7, Q8",SOT-23,2,2N7002,
"R1, R2",0603,2,68,
"R10, R12, R27, R3, R32, R6, R7",0603,7,22,
"R11, R14, R16, R4, R8",0603,5,1k,
"R13, R15, R17, R18, R21, R22, R23, R25, R26, R28, R29, R5, R9",0603,13,10k,
"R19, R24",0603,2,0,
R20,0603,1,4.7k,
"R30, R31",0603,2,100k,
TH1,PinHeader_1x02_P2.54mm_Vertical,1,NTC,
U1,SOIC-8_3.9x4.9mm_P1.27mm,1,MCP2551-I-SN,
U2,MODULE_NUCLEO-F303K8,1,NUCLEO-F303K8,
U3,WSEN-PDUS_2513130810X01,1,WSEN-PDUS,
U4,SOIC-8_3.9x4.9mm_P1.27mm,1,TCA9517DR,
"X1, X2, X3",ESC_Emax_Bullet_15A,3,ESC_Emax_Bullet_15A,
